entry: 0,latitude: 39.950974,longitude: -75.202644,altitude: 39.200001,course: 204.4056,speed: 0.13
entry: 1,latitude: 39.950974,longitude: -75.202644,altitude: 39.200001,course: 205.94048,speed: 0.13
entry: 2,latitude: 39.950951,longitude: -75.202644,altitude: 39.299999,course: 207.47536,speed: 0.13
entry: 3,latitude: 39.950958,longitude: -75.202637,altitude: 40.099998,course: 209.01024,speed: 0.13
entry: 4,latitude: 39.950962,longitude: -75.202621,altitude: 40.099998,course: 210.54512,speed: 0.13
entry: 5,latitude: 39.950951,longitude: -75.202629,altitude: 40.12499875,course: 212.08,speed: 0.39
entry: 6,latitude: 39.950958,longitude: -75.202629,altitude: 40.1499995,course: 212.08,speed: 0.28
entry: 7,latitude: 39.950958,longitude: -75.202629,altitude: 40.17500025,course: 212.08,speed: 0.28
entry: 8,latitude: 39.950954,longitude: -75.202614,altitude: 40.200001,course: 212.08,speed: 0.28
entry: 9,latitude: 39.950954,longitude: -75.202614,altitude: 40.200001,course: 212.08,speed: 0.17
entry: 10,latitude: 39.950954,longitude: -75.202614,altitude: 40.200001,course: 212.08,speed: 0.01
entry: 11,latitude: 39.950954,longitude: -75.202614,altitude: 40.200001,course: 212.08,speed: 0.01
entry: 12,latitude: 39.950954,longitude: -75.202614,altitude: 40.200001,course: 212.08,speed: 0.01
entry: 13,latitude: 39.950954,longitude: -75.202614,altitude: 40.200001,course: 212.08,speed: 0.01
entry: 14,latitude: 39.950954,longitude: -75.202614,altitude: 40.200001,course: 212.08,speed: 0.01
entry: 15,latitude: 39.950954,longitude: -75.202614,altitude: 40.099998,course: 212.08,speed: 0.01
entry: 16,latitude: 39.950916,longitude: -75.202606,altitude: 40.700001,course: 212.08,speed: 0.01
entry: 17,latitude: 39.9509208,longitude: -75.20260830000001,altitude: 41.20476280952381,course: 216.943,speed: 0.01
entry: 18,latitude: 39.9509256,longitude: -75.2026106,altitude: 41.70952461904762,course: 221.806,speed: 0.01
entry: 19,latitude: 39.9509304,longitude: -75.2026129,altitude: 42.21428642857143,course: 226.669,speed: 0.01
entry: 20,latitude: 39.950935199999996,longitude: -75.2026152,altitude: 42.71904823809524,course: 231.532,speed: 0.01
entry: 21,latitude: 39.95094,longitude: -75.2026175,altitude: 43.22381004761905,course: 236.395,speed: 0.01
entry: 22,latitude: 39.9509448,longitude: -75.20261980000001,altitude: 43.72857185714285,course: 241.258,speed: 0.01
entry: 23,latitude: 39.9509496,longitude: -75.2026221,altitude: 44.23333366666667,course: 246.12099999999998,speed: 0.01
entry: 24,latitude: 39.9509544,longitude: -75.2026244,altitude: 44.73809547619047,course: 250.98399999999998,speed: 0.01
entry: 25,latitude: 39.9509592,longitude: -75.2026267,altitude: 45.24285728571429,course: 255.84699999999998,speed: 0.01
entry: 26,latitude: 39.950964,longitude: -75.202629,altitude: 45.74761909523809,course: 260.71,speed: 0.01
entry: 27,latitude: 39.9509688,longitude: -75.20263130000001,altitude: 46.25238090476191,course: 265.573,speed: 0.01
entry: 28,latitude: 39.9509736,longitude: -75.2026336,altitude: 46.75714271428571,course: 270.436,speed: 0.01
entry: 29,latitude: 39.9509784,longitude: -75.2026359,altitude: 47.26190452380952,course: 275.299,speed: 0.01
entry: 30,latitude: 39.950983199999996,longitude: -75.2026382,altitude: 47.76666633333333,course: 280.162,speed: 0.01
entry: 31,latitude: 39.950987999999995,longitude: -75.2026405,altitude: 48.27142814285714,course: 285.025,speed: 0.01
entry: 32,latitude: 39.9509928,longitude: -75.2026428,altitude: 48.77618995238095,course: 289.888,speed: 0.01
entry: 33,latitude: 39.9509976,longitude: -75.2026451,altitude: 49.28095176190476,course: 294.751,speed: 0.01
entry: 34,latitude: 39.9510024,longitude: -75.2026474,altitude: 49.78571357142857,course: 299.614,speed: 0.01
entry: 35,latitude: 39.9510072,longitude: -75.2026497,altitude: 50.29047538095238,course: 304.477,speed: 0.01
entry: 36,latitude: 39.951012,longitude: -75.202652,altitude: 50.795237190476186,course: 309.34,speed: 0.01
entry: 37,latitude: 39.951012,longitude: -75.202652,altitude: 51.299999,course: 309.34,speed: 0.01
entry: 38,latitude: 39.951008,longitude: -75.202652,altitude: 51.299999,course: 309.34,speed: 0.01
entry: 39,latitude: 39.95100826923077,longitude: -75.20264438461538,altitude: 50.57777677777778,course: 307.79230769230765,speed: 0.01846153846153846
entry: 40,latitude: 39.95100853846154,longitude: -75.20263676923076,altitude: 49.85555455555556,course: 306.2446153846154,speed: 0.026923076923076925
entry: 41,latitude: 39.95100880769231,longitude: -75.20262915384616,altitude: 49.133332333333335,course: 304.69692307692304,speed: 0.03538461538461538
entry: 42,latitude: 39.95100907692308,longitude: -75.20262153846154,altitude: 48.411110111111114,course: 303.14923076923077,speed: 0.04384615384615385
entry: 43,latitude: 39.951009346153846,longitude: -75.20261392307692,altitude: 47.688887888888885,course: 301.60153846153844,speed: 0.05230769230769231
entry: 44,latitude: 39.95100961538461,longitude: -75.2026063076923,altitude: 46.966665666666664,course: 300.05384615384617,speed: 0.06076923076923077
entry: 45,latitude: 39.95100988461539,longitude: -75.20259869230769,altitude: 46.24444344444444,course: 298.50615384615384,speed: 0.06923076923076922
entry: 46,latitude: 39.951010153846156,longitude: -75.20259107692308,altitude: 45.52222122222222,course: 296.9584615384615,speed: 0.07769230769230769
entry: 47,latitude: 39.95101042307692,longitude: -75.20258346153847,altitude: 44.799999,course: 295.41076923076923,speed: 0.08615384615384615
entry: 48,latitude: 39.95101069230769,longitude: -75.20257584615385,altitude: 44.07777677777778,course: 293.8630769230769,speed: 0.09461538461538462
entry: 49,latitude: 39.951010961538465,longitude: -75.20256823076923,altitude: 43.35555455555556,course: 292.31538461538463,speed: 0.10307692307692307
entry: 50,latitude: 39.95101123076923,longitude: -75.20256061538461,altitude: 42.633332333333335,course: 290.7676923076923,speed: 0.11153846153846153
entry: 51,latitude: 39.9510115,longitude: -75.202553,altitude: 41.911110111111114,course: 289.22,speed: 0.12
entry: 52,latitude: 39.95101176923077,longitude: -75.20254538461539,altitude: 41.188887888888885,course: 287.6723076923077,speed: 0.12846153846153846
entry: 53,latitude: 39.951012038461535,longitude: -75.20253776923077,altitude: 40.466665666666664,course: 286.12461538461537,speed: 0.13692307692307693
entry: 54,latitude: 39.95101230769231,longitude: -75.20253015384615,altitude: 39.74444344444444,course: 284.5769230769231,speed: 0.1453846153846154
entry: 55,latitude: 39.95101257692308,longitude: -75.20252253846154,altitude: 39.02222122222222,course: 283.02923076923076,speed: 0.15384615384615385
entry: 56,latitude: 39.951012846153844,longitude: -75.20251492307692,altitude: 38.299999,course: 281.4815384615385,speed: 0.16230769230769232
entry: 57,latitude: 39.95101311538461,longitude: -75.20250730769231,altitude: 37.57777677777778,course: 279.93384615384616,speed: 0.17076923076923078
entry: 58,latitude: 39.951013384615386,longitude: -75.2024996923077,altitude: 36.85555455555556,course: 278.38615384615383,speed: 0.17923076923076925
entry: 59,latitude: 39.951013653846154,longitude: -75.20249207692308,altitude: 36.133332333333335,course: 276.83846153846156,speed: 0.18769230769230769
entry: 60,latitude: 39.95101392307692,longitude: -75.20248446153846,altitude: 35.411110111111114,course: 275.29076923076923,speed: 0.19615384615384615
entry: 61,latitude: 39.95101419230769,longitude: -75.20247684615384,altitude: 34.688887888888885,course: 273.74307692307696,speed: 0.20461538461538462
entry: 62,latitude: 39.95101446153846,longitude: -75.20246923076924,altitude: 33.96666566666667,course: 272.1953846153846,speed: 0.21307692307692308
entry: 63,latitude: 39.95101473076923,longitude: -75.20246161538462,altitude: 33.24444344444444,course: 270.6476923076923,speed: 0.22153846153846155
entry: 64,latitude: 39.951015,longitude: -75.202454,altitude: 32.52222122222222,course: 269.1,speed: 0.23
entry: 65,latitude: 39.951027,longitude: -75.202454,altitude: 31.799999,course: 269.1,speed: 0.23
entry: 66,latitude: 39.951027,longitude: -75.202454,altitude: 31.799999,course: 269.1,speed: 0.23
entry: 67,latitude: 39.950981,longitude: -75.202583,altitude: 37.700001,course: 269.1,speed: 0.23
entry: 68,latitude: 39.950981,longitude: -75.202583,altitude: 37.700001,course: 269.1,speed: 0.23
entry: 69,latitude: 39.950981,longitude: -75.202583,altitude: 37.700001,course: 269.1,speed: 0.23
entry: 70,latitude: 39.950962,longitude: -75.202644,altitude: 37.700001,course: 294.73,speed: 0.06
entry: 71,latitude: 39.950962,longitude: -75.202644,altitude: 37.700001,course: 294.73,speed: 0.06
entry: 72,latitude: 39.950962,longitude: -75.202644,altitude: 37.700001,course: 294.73,speed: 0.06
entry: 73,latitude: 39.950962,longitude: -75.202644,altitude: 37.700001,course: 294.73,speed: 0.06
entry: 74,latitude: 39.950962,longitude: -75.202644,altitude: 37.700001,course: 294.73,speed: 0.06
entry: 75,latitude: 39.950962,longitude: -75.202644,altitude: 37.700001,course: 294.73,speed: 0.06
entry: 76,latitude: 39.950962,longitude: -75.202644,altitude: 37.700001,course: 294.73,speed: 0.06
entry: 77,latitude: 39.95096038095238,longitude: -75.20261057142858,altitude: 37.052174826086954,course: 282.9352380952381,speed: 0.10333333333333333
entry: 78,latitude: 39.95095876190476,longitude: -75.20257714285715,altitude: 36.404348652173915,course: 271.1404761904762,speed: 0.14666666666666667
entry: 79,latitude: 39.95095714285714,longitude: -75.20254371428572,altitude: 35.75652247826087,course: 259.3457142857143,speed: 0.18999999999999997
entry: 80,latitude: 39.95095552380952,longitude: -75.2025102857143,altitude: 35.10869630434782,course: 247.5509523809524,speed: 0.2333333333333333
entry: 81,latitude: 39.9509539047619,longitude: -75.20247685714287,altitude: 34.460870130434785,course: 235.75619047619048,speed: 0.2766666666666666
entry: 82,latitude: 39.95095228571428,longitude: -75.20244342857143,altitude: 33.81304395652174,course: 223.9614285714286,speed: 0.31999999999999995
entry: 83,latitude: 39.950950666666664,longitude: -75.20241,altitude: 33.16521778260869,course: 212.16666666666669,speed: 0.3633333333333333
entry: 84,latitude: 39.95094904761905,longitude: -75.20237657142857,altitude: 32.517391608695654,course: 200.37190476190477,speed: 0.4066666666666666
entry: 85,latitude: 39.950947428571425,longitude: -75.20234314285715,altitude: 31.869565434782608,course: 188.57714285714286,speed: 0.44999999999999996
entry: 86,latitude: 39.95094580952381,longitude: -75.20230971428572,altitude: 31.221739260869565,course: 176.78238095238095,speed: 0.4933333333333333
entry: 87,latitude: 39.950944190476186,longitude: -75.20227628571429,altitude: 30.573913086956523,course: 164.98761904761906,speed: 0.5366666666666666
entry: 88,latitude: 39.95094257142857,longitude: -75.20224285714286,altitude: 29.926086913043477,course: 153.19285714285715,speed: 0.5799999999999998
entry: 89,latitude: 39.95094095238095,longitude: -75.20220942857144,altitude: 29.278260739130435,course: 141.39809523809524,speed: 0.6233333333333333
entry: 90,latitude: 39.95093933333333,longitude: -75.20217600000001,altitude: 28.630434565217392,course: 129.60333333333335,speed: 0.6666666666666665
entry: 91,latitude: 39.950937714285715,longitude: -75.20214257142858,altitude: 27.982608391304346,course: 117.80857142857144,speed: 0.71
entry: 92,latitude: 39.95093609523809,longitude: -75.20210914285714,altitude: 27.334782217391304,course: 106.01380952380953,speed: 0.7533333333333332
entry: 93,latitude: 39.950934476190476,longitude: -75.20207571428571,altitude: 26.68695604347826,course: 94.21904761904761,speed: 0.7966666666666666
entry: 94,latitude: 39.95093285714285,longitude: -75.20204228571428,altitude: 26.039129869565215,course: 82.4242857142857,speed: 0.8399999999999999
entry: 95,latitude: 39.95093123809524,longitude: -75.20200885714286,altitude: 25.391303695652173,course: 70.62952380952382,speed: 0.8833333333333333
entry: 96,latitude: 39.95092961904761,longitude: -75.20197542857143,altitude: 24.74347752173913,course: 58.834761904761905,speed: 0.9266666666666665
entry: 97,latitude: 39.950928,longitude: -75.201942,altitude: 24.095651347826085,course: 47.04,speed: 0.97
entry: 98,latitude: 39.950941,longitude: -75.202251,altitude: 23.447825173913042,course: 56.376,speed: 0.778
entry: 99,latitude: 39.950954,longitude: -75.20256,altitude: 22.799999,course: 65.712,speed: 0.586
entry: 100,latitude: 39.950989,longitude: -75.202568,altitude: 21.4,course: 75.048,speed: 0.3939999999999999
entry: 101,latitude: 39.950989,longitude: -75.202568,altitude: 21.4,course: 84.384,speed: 0.20199999999999996
entry: 102,latitude: 39.950989,longitude: -75.202568,altitude: 21.4,course: 93.72,speed: 0.01
entry: 103,latitude: 39.950989,longitude: -75.202568,altitude: 21.4,course: 93.72,speed: 0.01
entry: 104,latitude: 39.950993,longitude: -75.202568,altitude: 21.5,course: 93.72,speed: 0.01
entry: 105,latitude: 39.950993,longitude: -75.202568,altitude: 21.5,course: 93.72,speed: 0.01
entry: 106,latitude: 39.950993,longitude: -75.202568,altitude: 21.5,course: 93.72,speed: 0.08
entry: 107,latitude: 39.950993,longitude: -75.202568,altitude: 21.5,course: 93.72,speed: 0.08
entry: 108,latitude: 39.950993,longitude: -75.202568,altitude: 21.5,course: 93.72,speed: 0.08
entry: 109,latitude: 39.950974,longitude: -75.202538,altitude: 22.5,course: 93.72,speed: 0.08
entry: 110,latitude: 39.950993,longitude: -75.202553,altitude: 22.5,course: 100.52,speed: 0.06
entry: 111,latitude: 39.950993,longitude: -75.202553,altitude: 22.5,course: 107.32000000000001,speed: 0.06
entry: 112,latitude: 39.950996,longitude: -75.202545,altitude: 22.5,course: 114.12,speed: 0.07
entry: 113,latitude: 39.950996,longitude: -75.202545,altitude: 22.5,course: 114.12,speed: 0.07
entry: 114,latitude: 39.950981000000006,longitude: -75.20255266666666,altitude: 29.5,course: 124.38,speed: 0.062000000000000006
entry: 115,latitude: 39.950966,longitude: -75.20256033333334,altitude: 36.5,course: 134.64,speed: 0.054000000000000006
entry: 116,latitude: 39.950951,longitude: -75.202568,altitude: 43.5,course: 144.89999999999998,speed: 0.046
entry: 117,latitude: 39.950951,longitude: -75.202568,altitude: 43.5,course: 155.16,speed: 0.038
entry: 118,latitude: 39.950947,longitude: -75.202583,altitude: 43.5,course: 165.42,speed: 0.03
entry: 119,latitude: 39.950951,longitude: -75.202583,altitude: 43.5,course: 165.42,speed: 0.01
entry: 120,latitude: 39.950956000000005,longitude: -75.202583,altitude: 42.69999933333333,course: 157.843125,speed: 0.045625
entry: 121,latitude: 39.950961,longitude: -75.202583,altitude: 41.89999866666667,course: 150.26624999999999,speed: 0.08124999999999999
entry: 122,latitude: 39.950966,longitude: -75.202583,altitude: 41.099998,course: 142.68937499999998,speed: 0.11687499999999999
entry: 123,latitude: 39.950966,longitude: -75.202583,altitude: 41.099998,course: 135.11249999999998,speed: 0.1525
entry: 124,latitude: 39.950966,longitude: -75.202583,altitude: 41.099998,course: 127.53562499999998,speed: 0.188125
entry: 125,latitude: 39.950981,longitude: -75.202538,altitude: 41.0,course: 119.95875,speed: 0.22375
entry: 126,latitude: 39.951035,longitude: -75.202507,altitude: 41.5,course: 112.381875,speed: 0.25937499999999997
entry: 127,latitude: 39.951035,longitude: -75.202522,altitude: 40.700001,course: 104.80499999999999,speed: 0.295
entry: 128,latitude: 39.951035,longitude: -75.202522,altitude: 40.700001,course: 97.22812499999999,speed: 0.330625
entry: 129,latitude: 39.951035,longitude: -75.202522,altitude: 40.700001,course: 89.65124999999999,speed: 0.36624999999999996
entry: 130,latitude: 39.951035,longitude: -75.202522,altitude: 40.700001,course: 82.07437499999999,speed: 0.401875
entry: 131,latitude: 39.951035,longitude: -75.202522,altitude: 40.700001,course: 74.4975,speed: 0.4375
entry: 132,latitude: 39.950989,longitude: -75.202515,altitude: 41.700001,course: 66.920625,speed: 0.47312499999999996
entry: 133,latitude: 39.950989,longitude: -75.202515,altitude: 41.700001,course: 59.34375,speed: 0.5087499999999999
entry: 134,latitude: 39.951008,longitude: -75.202507,altitude: 41.700001,course: 51.766875,speed: 0.5443749999999999
entry: 135,latitude: 39.950993,longitude: -75.202522,altitude: 41.700001,course: 44.19,speed: 0.58
entry: 136,latitude: 39.950993,longitude: -75.202522,altitude: 41.700001,course: 44.19,speed: 0.58
entry: 137,latitude: 39.950993,longitude: -75.202522,altitude: 41.700001,course: 44.19,speed: 0.58
entry: 138,latitude: 39.950985,longitude: -75.202515,altitude: 41.700001,course: 44.19,speed: 0.58
entry: 139,latitude: 39.950985,longitude: -75.202515,altitude: 41.700001,course: 44.19,speed: 0.58
entry: 140,latitude: 39.951,longitude: -75.202522,altitude: 41.799999,course: 44.19,speed: 0.58
entry: 141,latitude: 39.951004,longitude: -75.202515,altitude: 41.799999,course: 50.88,speed: 0.29
entry: 142,latitude: 39.951012,longitude: -75.202507,altitude: 41.799999,course: 359.41,speed: 0.21
entry: 143,latitude: 39.951012,longitude: -75.202507,altitude: 41.900002,course: 359.41,speed: 0.21
entry: 144,latitude: 39.951012,longitude: -75.202499,altitude: 41.799999,course: 359.41,speed: 0.21
entry: 145,latitude: 39.951004,longitude: -75.202507,altitude: 41.799999,course: 226.03,speed: 0.62
entry: 146,latitude: 39.951004,longitude: -75.202507,altitude: 41.799999,course: 226.03,speed: 0.62
entry: 147,latitude: 39.951012,longitude: -75.202538,altitude: 41.200001,course: 226.03,speed: 0.62
entry: 148,latitude: 39.950993,longitude: -75.202538,altitude: 41.400002,course: 226.03,speed: 0.62
entry: 149,latitude: 39.950985,longitude: -75.202553,altitude: 41.900002,course: 226.03,speed: 0.62
entry: 150,latitude: 39.950974,longitude: -75.20256,altitude: 41.900002,course: 157.77,speed: 0.4
entry: 151,latitude: 39.950974,longitude: -75.20256,altitude: 41.900002,course: 157.77,speed: 0.4
entry: 152,latitude: 39.950974,longitude: -75.20256,altitude: 41.900002,course: 157.77,speed: 0.4
entry: 153,latitude: 39.95096983333333,longitude: -75.20256833333333,altitude: 43.30666853333334,course: 151.63333333333335,speed: 0.3841666666666667
entry: 154,latitude: 39.95096566666667,longitude: -75.20257666666667,altitude: 44.713335066666666,course: 145.49666666666667,speed: 0.36833333333333335
entry: 155,latitude: 39.950961500000005,longitude: -75.202585,altitude: 46.1200016,course: 139.36,speed: 0.35250000000000004
entry: 156,latitude: 39.950957333333335,longitude: -75.20259333333334,altitude: 47.52666813333333,course: 133.22333333333333,speed: 0.33666666666666667
entry: 157,latitude: 39.950953166666665,longitude: -75.20260166666667,altitude: 48.93333466666667,course: 127.08666666666667,speed: 0.32083333333333336
entry: 158,latitude: 39.950949,longitude: -75.20260999999999,altitude: 50.3400012,course: 120.95,speed: 0.30500000000000005
entry: 159,latitude: 39.95094483333334,longitude: -75.20261833333333,altitude: 51.74666773333333,course: 114.81333333333333,speed: 0.2891666666666667
entry: 160,latitude: 39.95094066666667,longitude: -75.20262666666666,altitude: 53.15333426666667,course: 108.67666666666668,speed: 0.2733333333333333
entry: 161,latitude: 39.9509365,longitude: -75.202635,altitude: 54.5600008,course: 102.53999999999999,speed: 0.2575
entry: 162,latitude: 39.950932333333334,longitude: -75.20264333333333,altitude: 55.96666733333333,course: 96.40333333333334,speed: 0.24166666666666667
entry: 163,latitude: 39.95092816666667,longitude: -75.20265166666667,altitude: 57.37333386666667,course: 90.26666666666667,speed: 0.22583333333333333
entry: 164,latitude: 39.950924,longitude: -75.20266,altitude: 58.7800004,course: 84.13,speed: 0.21
entry: 165,latitude: 39.950924,longitude: -75.20266,altitude: 60.18666693333333,course: 84.13,speed: 0.21
entry: 166,latitude: 39.950924,longitude: -75.20266,altitude: 61.593333466666664,course: 84.13,speed: 0.21
entry: 167,latitude: 39.950966,longitude: -75.202675,altitude: 63.0,course: 84.13,speed: 0.21
entry: 168,latitude: 39.95097,longitude: -75.202675,altitude: 63.0,course: 50.74,speed: 0.07
entry: 169,latitude: 39.95097,longitude: -75.202675,altitude: 63.0,course: 50.74,speed: 0.07
entry: 170,latitude: 39.95097,longitude: -75.202675,altitude: 63.0,course: 50.74,speed: 0.07
entry: 171,latitude: 39.950966,longitude: -75.202675,altitude: 63.0,course: 50.74,speed: 0.07
entry: 172,latitude: 39.950966,longitude: -75.202675,altitude: 63.0,course: 50.74,speed: 0.07
entry: 173,latitude: 39.950966,longitude: -75.202675,altitude: 63.0,course: 50.74,speed: 0.07
entry: 174,latitude: 39.950943,longitude: -75.202606,altitude: 62.599998,course: 50.74,speed: 0.07
entry: 175,latitude: 39.950943,longitude: -75.202606,altitude: 62.599998,course: 50.74,speed: 0.07
entry: 176,latitude: 39.950943,longitude: -75.202606,altitude: 62.599998,course: 50.74,speed: 0.07
entry: 177,latitude: 39.950962,longitude: -75.202583,altitude: 62.099998,course: 50.74,speed: 0.07
entry: 178,latitude: 39.950962,longitude: -75.202583,altitude: 62.099998,course: 50.74,speed: 0.07
entry: 179,latitude: 39.950962,longitude: -75.202583,altitude: 62.0,course: 50.74,speed: 0.07
entry: 180,latitude: 39.950962,longitude: -75.202583,altitude: 62.0,course: 50.74,speed: 0.07
entry: 181,latitude: 39.950966,longitude: -75.202583,altitude: 62.0,course: 14.63,speed: 0.33
entry: 182,latitude: 39.95097,longitude: -75.202591,altitude: 61.700001,course: 14.63,speed: 0.33
entry: 183,latitude: 39.950974,longitude: -75.202591,altitude: 61.700001,course: 14.63,speed: 0.33
entry: 184,latitude: 39.95097,longitude: -75.202591,altitude: 61.700001,course: 330.42,speed: 0.09
entry: 185,latitude: 39.95097,longitude: -75.202591,altitude: 61.700001,course: 330.42,speed: 0.09
entry: 186,latitude: 39.95097,longitude: -75.202599,altitude: 61.599998,course: 330.42,speed: 0.09
entry: 187,latitude: 39.95097,longitude: -75.202599,altitude: 61.599998,course: 251.89,speed: 0.16
entry: 188,latitude: 39.95097,longitude: -75.202591,altitude: 61.599998,course: 251.89,speed: 0.05
entry: 189,latitude: 39.95097,longitude: -75.202591,altitude: 61.599998,course: 251.89,speed: 0.05
entry: 190,latitude: 39.95097,longitude: -75.202591,altitude: 61.400002,course: 251.89,speed: 0.05
entry: 191,latitude: 39.95097,longitude: -75.202591,altitude: 61.400002,course: 251.89,speed: 0.05
entry: 192,latitude: 39.95097,longitude: -75.202591,altitude: 61.400002,course: 251.89,speed: 0.05
entry: 193,latitude: 39.950974,longitude: -75.202591,altitude: 61.099998,course: 251.89,speed: 0.05
entry: 194,latitude: 39.950966,longitude: -75.202599,altitude: 61.099998,course: 190.88,speed: 1.13
entry: 195,latitude: 39.950966,longitude: -75.202599,altitude: 61.099998,course: 190.88,speed: 1.13
entry: 196,latitude: 39.950958,longitude: -75.202606,altitude: 61.900002,course: 190.88,speed: 1.13
entry: 197,latitude: 39.950958,longitude: -75.202606,altitude: 61.900002,course: 190.88,speed: 1.13
entry: 198,latitude: 39.950958,longitude: -75.202629,altitude: 62.0,course: 190.88,speed: 1.13
entry: 199,latitude: 39.95097,longitude: -75.202652,altitude: 62.0,course: 330.45,speed: 1.42
entry: 200,latitude: 39.95097,longitude: -75.202652,altitude: 62.0,course: 330.45,speed: 1.42
entry: 201,latitude: 39.950962,longitude: -75.202644,altitude: 62.0,course: 330.45,speed: 1.42
entry: 202,latitude: 39.950962,longitude: -75.202652,altitude: 62.0,course: 342.46,speed: 0.7
entry: 203,latitude: 39.950962,longitude: -75.202652,altitude: 62.0,course: 342.46,speed: 0.7
entry: 204,latitude: 39.950962,longitude: -75.202652,altitude: 62.0,course: 342.46,speed: 0.7
entry: 205,latitude: 39.95095880645161,longitude: -75.20265296774194,altitude: 60.403225806451616,course: 342.1843037974683,speed: 0.6955263157894737
entry: 206,latitude: 39.95095561290322,longitude: -75.20265393548387,altitude: 58.806451612903224,course: 341.9086075949367,speed: 0.6910526315789474
entry: 207,latitude: 39.950952419354834,longitude: -75.2026549032258,altitude: 57.20967741935484,course: 341.63291139240505,speed: 0.6865789473684211
entry: 208,latitude: 39.95094922580645,longitude: -75.20265587096775,altitude: 55.61290322580645,course: 341.3572151898734,speed: 0.6821052631578947
entry: 209,latitude: 39.95094603225806,longitude: -75.20265683870967,altitude: 54.016129032258064,course: 341.0815189873418,speed: 0.6776315789473684
entry: 210,latitude: 39.95094283870967,longitude: -75.20265780645161,altitude: 52.41935483870968,course: 340.8058227848101,speed: 0.6731578947368421
entry: 211,latitude: 39.950939645161284,longitude: -75.20265877419355,altitude: 50.822580645161295,course: 340.53012658227846,speed: 0.6686842105263158
entry: 212,latitude: 39.950936451612904,longitude: -75.20265974193548,altitude: 49.225806451612904,course: 340.2544303797468,speed: 0.6642105263157895
entry: 213,latitude: 39.95093325806452,longitude: -75.20266070967742,altitude: 47.62903225806451,course: 339.9787341772152,speed: 0.6597368421052632
entry: 214,latitude: 39.95093006451613,longitude: -75.20266167741936,altitude: 46.03225806451613,course: 339.7030379746835,speed: 0.6552631578947368
entry: 215,latitude: 39.95092687096774,longitude: -75.20266264516128,altitude: 44.435483870967744,course: 339.42734177215186,speed: 0.6507894736842105
entry: 216,latitude: 39.950923677419354,longitude: -75.20266361290322,altitude: 42.83870967741936,course: 339.15164556962026,speed: 0.6463157894736842
entry: 217,latitude: 39.950920483870966,longitude: -75.20266458064516,altitude: 41.24193548387097,course: 338.8759493670886,speed: 0.6418421052631579
entry: 218,latitude: 39.95091729032258,longitude: -75.20266554838709,altitude: 39.645161290322584,course: 338.60025316455693,speed: 0.6373684210526316
entry: 219,latitude: 39.95091409677419,longitude: -75.20266651612903,altitude: 38.04838709677419,course: 338.3245569620253,speed: 0.6328947368421053
entry: 220,latitude: 39.950910903225804,longitude: -75.20266748387097,altitude: 36.45161290322581,course: 338.04886075949366,speed: 0.628421052631579
entry: 221,latitude: 39.950907709677416,longitude: -75.20266845161291,altitude: 34.85483870967742,course: 337.773164556962,speed: 0.6239473684210526
entry: 222,latitude: 39.95090451612903,longitude: -75.20266941935483,altitude: 33.25806451612903,course: 337.49746835443034,speed: 0.6194736842105263
entry: 223,latitude: 39.95090132258064,longitude: -75.20267038709677,altitude: 31.661290322580648,course: 337.22177215189873,speed: 0.615
entry: 224,latitude: 39.950898129032254,longitude: -75.20267135483871,altitude: 30.06451612903226,course: 336.94607594936707,speed: 0.6105263157894737
entry: 225,latitude: 39.950894935483866,longitude: -75.20267232258064,altitude: 28.467741935483872,course: 336.6703797468354,speed: 0.6060526315789474
entry: 226,latitude: 39.95089174193548,longitude: -75.20267329032258,altitude: 26.870967741935488,course: 336.3946835443038,speed: 0.601578947368421
entry: 227,latitude: 39.95088854838709,longitude: -75.20267425806452,altitude: 25.274193548387096,course: 336.11898734177214,speed: 0.5971052631578947
entry: 228,latitude: 39.95088535483871,longitude: -75.20267522580644,altitude: 23.67741935483871,course: 335.8432911392405,speed: 0.5926315789473684
entry: 229,latitude: 39.95088216129032,longitude: -75.20267619354838,altitude: 22.080645161290327,course: 335.5675949367089,speed: 0.5881578947368421
entry: 230,latitude: 39.950878967741936,longitude: -75.20267716129032,altitude: 20.483870967741936,course: 335.2918987341772,speed: 0.5836842105263158
entry: 231,latitude: 39.95087577419355,longitude: -75.20267812903225,altitude: 18.88709677419355,course: 335.01620253164555,speed: 0.5792105263157895
entry: 232,latitude: 39.95087258064516,longitude: -75.20267909677419,altitude: 17.290322580645167,course: 334.74050632911394,speed: 0.5747368421052632
entry: 233,latitude: 39.95086938709677,longitude: -75.20268006451613,altitude: 15.693548387096776,course: 334.4648101265823,speed: 0.5702631578947368
entry: 234,latitude: 39.950866193548386,longitude: -75.20268103225806,altitude: 14.096774193548391,course: 334.1891139240506,speed: 0.5657894736842105
entry: 235,latitude: 39.950863,longitude: -75.202682,altitude: 12.5,course: 333.91341772151895,speed: 0.5613157894736842
entry: 236,latitude: 39.950863,longitude: -75.202682,altitude: 12.5,course: 333.63772151898735,speed: 0.5568421052631579
entry: 237,latitude: 39.950901,longitude: -75.202652,altitude: 9.2,course: 333.3620253164557,speed: 0.5523684210526316
entry: 238,latitude: 39.950901,longitude: -75.202652,altitude: 9.2,course: 333.086329113924,speed: 0.5478947368421053
entry: 239,latitude: 39.950912,longitude: -75.202682,altitude: 17.5,course: 332.8106329113924,speed: 0.543421052631579
entry: 240,latitude: 39.950912,longitude: -75.202682,altitude: 17.5,course: 332.53493670886076,speed: 0.5389473684210526
entry: 241,latitude: 39.95097,longitude: -75.202629,altitude: 24.6,course: 332.2592405063291,speed: 0.5344736842105263
entry: 242,latitude: 39.950977,longitude: -75.202614,altitude: 24.6,course: 331.9835443037975,speed: 0.53
entry: 243,latitude: 39.950985,longitude: -75.202606,altitude: 24.6,course: 331.7078481012658,speed: 0.15
entry: 244,latitude: 39.950989,longitude: -75.202591,altitude: 29.4,course: 331.43215189873416,speed: 0.15
entry: 245,latitude: 39.95098766666667,longitude: -75.202591,altitude: 29.633333333333333,course: 331.1564556962025,speed: 0.11499999999999999
entry: 246,latitude: 39.95098633333333,longitude: -75.202591,altitude: 29.866666666666667,course: 330.8807594936709,speed: 0.08
entry: 247,latitude: 39.950985,longitude: -75.202591,altitude: 30.1,course: 330.60506329113923,speed: 0.04500000000000001
entry: 248,latitude: 39.950989,longitude: -75.202583,altitude: 30.1,course: 330.32936708860757,speed: 0.01
entry: 249,latitude: 39.950985,longitude: -75.202583,altitude: 30.299999,course: 330.05367088607596,speed: 0.01
entry: 250,latitude: 39.950985,longitude: -75.202583,altitude: 30.299999,course: 329.7779746835443,speed: 0.01
entry: 251,latitude: 39.950985,longitude: -75.202583,altitude: 30.200001,course: 329.50227848101264,speed: 0.01
entry: 252,latitude: 39.950985,longitude: -75.202583,altitude: 30.200001,course: 329.22658227848103,speed: 0.01
entry: 253,latitude: 39.950985,longitude: -75.202583,altitude: 30.200001,course: 328.95088607594937,speed: 0.01
entry: 254,latitude: 39.950985,longitude: -75.202583,altitude: 30.200001,course: 328.6751898734177,speed: 0.01
entry: 255,latitude: 39.950985,longitude: -75.202583,altitude: 30.200001,course: 328.39949367088605,speed: 0.01
entry: 256,latitude: 39.950985,longitude: -75.202583,altitude: 30.200001,course: 328.12379746835444,speed: 0.01
entry: 257,latitude: 39.950985,longitude: -75.202583,altitude: 30.200001,course: 327.8481012658228,speed: 0.01
entry: 258,latitude: 39.950982700000004,longitude: -75.20258605000001,altitude: 29.81500095,course: 327.5724050632911,speed: 0.01
entry: 259,latitude: 39.950980400000006,longitude: -75.20258910000001,altitude: 29.4300009,course: 327.2967088607595,speed: 0.01
entry: 260,latitude: 39.9509781,longitude: -75.20259215,altitude: 29.04500085,course: 327.02101265822785,speed: 0.01
entry: 261,latitude: 39.9509758,longitude: -75.2025952,altitude: 28.6600008,course: 326.7453164556962,speed: 0.01
entry: 262,latitude: 39.9509735,longitude: -75.20259825000001,altitude: 28.27500075,course: 326.4696202531646,speed: 0.01
entry: 263,latitude: 39.9509712,longitude: -75.2026013,altitude: 27.8900007,course: 326.1939240506329,speed: 0.01
entry: 264,latitude: 39.9509689,longitude: -75.20260435,altitude: 27.50500065,course: 325.91822784810125,speed: 0.01
entry: 265,latitude: 39.9509666,longitude: -75.2026074,altitude: 27.1200006,course: 325.64253164556965,speed: 0.01
entry: 266,latitude: 39.9509643,longitude: -75.20261045000001,altitude: 26.73500055,course: 325.366835443038,speed: 0.01
entry: 267,latitude: 39.950962000000004,longitude: -75.20261350000001,altitude: 26.3500005,course: 325.0911392405063,speed: 0.01
entry: 268,latitude: 39.9509597,longitude: -75.20261655,altitude: 25.965000449999998,course: 324.81544303797466,speed: 0.01
entry: 269,latitude: 39.9509574,longitude: -75.2026196,altitude: 25.5800004,course: 324.53974683544305,speed: 0.01
entry: 270,latitude: 39.9509551,longitude: -75.20262265000001,altitude: 25.19500035,course: 324.2640506329114,speed: 0.01
entry: 271,latitude: 39.950952799999996,longitude: -75.2026257,altitude: 24.8100003,course: 323.98835443037973,speed: 0.01
entry: 272,latitude: 39.9509505,longitude: -75.20262875,altitude: 24.42500025,course: 323.7126582278481,speed: 0.01
entry: 273,latitude: 39.9509482,longitude: -75.2026318,altitude: 24.0400002,course: 323.43696202531646,speed: 0.01
entry: 274,latitude: 39.9509459,longitude: -75.20263485000001,altitude: 23.65500015,course: 323.1612658227848,speed: 0.01
entry: 275,latitude: 39.9509436,longitude: -75.20263790000001,altitude: 23.2700001,course: 322.8855696202532,speed: 0.01
entry: 276,latitude: 39.9509413,longitude: -75.20264095,altitude: 22.88500005,course: 322.60987341772153,speed: 0.01
entry: 277,latitude: 39.950939,longitude: -75.202644,altitude: 22.5,course: 322.33417721518987,speed: 0.01
entry: 278,latitude: 39.950939,longitude: -75.202644,altitude: 22.5,course: 322.05848101265826,speed: 0.01
entry: 279,latitude: 39.950939,longitude: -75.202644,altitude: 22.5,course: 321.7827848101266,speed: 0.01
entry: 280,latitude: 39.950958,longitude: -75.202583,altitude: 22.5,course: 321.50708860759494,speed: 0.01
entry: 281,latitude: 39.950958,longitude: -75.202583,altitude: 22.5,course: 321.2313924050633,speed: 0.01
entry: 282,latitude: 39.950966,longitude: -75.202721,altitude: 21.9,course: 320.95569620253167,speed: 0.01
entry: 283,latitude: 39.950966,longitude: -75.202728,altitude: 21.9,course: 320.68,speed: 0.01
entry: 284,latitude: 39.950966,longitude: -75.202728,altitude: 21.9,course: 320.68,speed: 0.01
entry: 285,latitude: 39.950962,longitude: -75.202728,altitude: 22.5,course: 320.68,speed: 0.01
entry: 286,latitude: 39.950958,longitude: -75.202736,altitude: 22.5,course: 173.63,speed: 0.21
entry: 287,latitude: 39.950958,longitude: -75.202736,altitude: 22.5,course: 173.63,speed: 0.21
entry: 288,latitude: 39.950958,longitude: -75.202736,altitude: 22.5,course: 173.63,speed: 0.21
entry: 289,latitude: 39.950958,longitude: -75.202728,altitude: 22.5,course: 173.63,speed: 0.21
entry: 290,latitude: 39.950958,longitude: -75.202728,altitude: 22.5,course: 173.63,speed: 0.38
entry: 291,latitude: 39.950958,longitude: -75.202728,altitude: 22.5,course: 173.63,speed: 0.38
entry: 292,latitude: 39.950958,longitude: -75.202728,altitude: 22.5,course: 173.63,speed: 0.38
entry: 293,latitude: 39.950958,longitude: -75.202728,altitude: 22.5,course: 173.63,speed: 0.38
entry: 294,latitude: 39.950958,longitude: -75.202728,altitude: 22.5,course: 173.63,speed: 0.38
entry: 295,latitude: 39.950935,longitude: -75.202682,altitude: 22.200001,course: 173.63,speed: 0.38
entry: 296,latitude: 39.950935,longitude: -75.202682,altitude: 22.200001,course: 173.63,speed: 0.38
entry: 297,latitude: 39.950951,longitude: -75.202667,altitude: 22.200001,course: 70.74,speed: 0.53
entry: 298,latitude: 39.950951,longitude: -75.202667,altitude: 22.200001,course: 70.74,speed: 0.53
entry: 299,latitude: 39.950958,longitude: -75.202637,altitude: 22.9,course: 70.74,speed: 0.53
entry: 300,latitude: 39.950974,longitude: -75.202644,altitude: 22.9,course: 177.85,speed: 0.22
entry: 301,latitude: 39.950974,longitude: -75.202644,altitude: 22.9,course: 177.85,speed: 0.22
entry: 302,latitude: 39.950974,longitude: -75.202644,altitude: 23.1,course: 177.85,speed: 0.22
entry: 303,latitude: 39.95097,longitude: -75.202637,altitude: 23.1,course: 186.05,speed: 0.47
entry: 304,latitude: 39.95097,longitude: -75.202637,altitude: 23.1,course: 186.05,speed: 0.47
entry: 305,latitude: 39.950974,longitude: -75.202621,altitude: 25.9,course: 186.05,speed: 0.47
entry: 306,latitude: 39.950974,longitude: -75.202621,altitude: 25.9,course: 186.05,speed: 0.47
entry: 307,latitude: 39.950974,longitude: -75.202614,altitude: 28.4,course: 186.05,speed: 0.47
entry: 308,latitude: 39.950974,longitude: -75.202614,altitude: 28.4,course: 186.05,speed: 0.47
entry: 309,latitude: 39.950974,longitude: -75.202614,altitude: 28.4,course: 186.05,speed: 0.47
entry: 310,latitude: 39.951008,longitude: -75.202698,altitude: 29.700001,course: 186.05,speed: 0.47
entry: 311,latitude: 39.951008,longitude: -75.202721,altitude: 29.700001,course: 285.19,speed: 0.6
entry: 312,latitude: 39.951008,longitude: -75.202721,altitude: 29.700001,course: 285.19,speed: 0.6
entry: 313,latitude: 39.951008,longitude: -75.202721,altitude: 29.700001,course: 285.19,speed: 0.6
entry: 314,latitude: 39.950989,longitude: -75.202713,altitude: 31.200001,course: 285.19,speed: 0.6
entry: 315,latitude: 39.950989,longitude: -75.202713,altitude: 31.200001,course: 285.19,speed: 0.6
entry: 316,latitude: 39.950989,longitude: -75.202713,altitude: 31.200001,course: 285.19,speed: 0.6
entry: 317,latitude: 39.950985,longitude: -75.202713,altitude: 31.5,course: 285.19,speed: 0.6
entry: 318,latitude: 39.950985,longitude: -75.202713,altitude: 31.5,course: 285.19,speed: 0.6
entry: 319,latitude: 39.95097,longitude: -75.202637,altitude: 32.099998,course: 285.19,speed: 0.6
entry: 320,latitude: 39.950962,longitude: -75.202614,altitude: 32.099998,course: 126.24,speed: 0.7
entry: 321,latitude: 39.950962,longitude: -75.202614,altitude: 32.099998,course: 126.24,speed: 0.7
entry: 322,latitude: 39.950962,longitude: -75.202591,altitude: 32.700001,course: 126.24,speed: 0.7
entry: 323,latitude: 39.950962,longitude: -75.202591,altitude: 32.700001,course: 126.24,speed: 0.7
entry: 324,latitude: 39.950981,longitude: -75.202591,altitude: 32.700001,course: 343.5,speed: 0.38
entry: 325,latitude: 39.950981,longitude: -75.202583,altitude: 33.299999,course: 343.5,speed: 0.38
entry: 326,latitude: 39.950981,longitude: -75.202583,altitude: 33.299999,course: 343.5,speed: 0.38
entry: 327,latitude: 39.950981,longitude: -75.202583,altitude: 33.299999,course: 343.5,speed: 0.38
entry: 328,latitude: 39.950985,longitude: -75.202568,altitude: 33.19999975,course: 87.47,speed: 0.49
entry: 329,latitude: 39.950985,longitude: -75.202568,altitude: 33.1000005,course: 87.47,speed: 0.49
entry: 330,latitude: 39.950985,longitude: -75.202568,altitude: 33.00000125,course: 87.47,speed: 0.49
entry: 331,latitude: 39.950974,longitude: -75.202553,altitude: 32.900002,course: 87.47,speed: 0.49
entry: 332,latitude: 39.950974,longitude: -75.202599,altitude: 32.900002,course: 291.19,speed: 1.45
entry: 333,latitude: 39.950974,longitude: -75.202599,altitude: 32.900002,course: 291.19,speed: 1.45
entry: 334,latitude: 39.950966,longitude: -75.20256,altitude: 32.900002,course: 276.5,speed: 0.59
entry: 335,latitude: 39.950966,longitude: -75.20256,altitude: 32.900002,course: 276.5,speed: 0.59
entry: 336,latitude: 39.950966,longitude: -75.202576,altitude: 34.700001,course: 276.5,speed: 0.59
entry: 337,latitude: 39.950966,longitude: -75.202576,altitude: 34.700001,course: 276.5,speed: 0.59
entry: 338,latitude: 39.950966,longitude: -75.202576,altitude: 34.700001,course: 276.5,speed: 0.59
entry: 339,latitude: 39.950981,longitude: -75.20266,altitude: 34.099998,course: 276.5,speed: 0.59
entry: 340,latitude: 39.950972,longitude: -75.202675,altitude: 34.19999933333333,course: 285.84833333333336,speed: 0.6733333333333333
entry: 341,latitude: 39.950963,longitude: -75.20268999999999,altitude: 34.30000066666667,course: 295.19666666666666,speed: 0.7566666666666667
entry: 342,latitude: 39.950954,longitude: -75.202705,altitude: 34.400002,course: 304.54499999999996,speed: 0.8400000000000001
entry: 343,latitude: 39.950985,longitude: -75.202705,altitude: 34.5,course: 313.8933333333333,speed: 0.9233333333333333
entry: 344,latitude: 39.950985,longitude: -75.202705,altitude: 34.5,course: 323.2416666666667,speed: 1.0066666666666668
entry: 345,latitude: 39.950954,longitude: -75.202682,altitude: 34.5,course: 332.59,speed: 1.09
entry: 346,latitude: 39.950954,longitude: -75.202682,altitude: 34.5,course: 332.59,speed: 1.09
entry: 347,latitude: 39.950954,longitude: -75.202682,altitude: 34.5,course: 332.59,speed: 1.09
entry: 348,latitude: 39.950962,longitude: -75.202682,altitude: 36.299999,course: 332.59,speed: 1.09
entry: 349,latitude: 39.950962,longitude: -75.202682,altitude: 36.299999,course: 332.59,speed: 1.09
entry: 350,latitude: 39.950962,longitude: -75.202682,altitude: 36.299999,course: 332.59,speed: 1.09
entry: 351,latitude: 39.950958,longitude: -75.202682,altitude: 36.599998,course: 332.59,speed: 1.09
entry: 352,latitude: 39.950958,longitude: -75.202682,altitude: 36.599998,course: 332.59,speed: 1.09
entry: 353,latitude: 39.950958,longitude: -75.202682,altitude: 36.599998,course: 332.59,speed: 1.09
entry: 354,latitude: 39.950958,longitude: -75.202682,altitude: 36.599998,course: 332.59,speed: 1.09
entry: 355,latitude: 39.950947,longitude: -75.20266,altitude: 36.200001,course: 332.59,speed: 1.09
entry: 356,latitude: 39.950947,longitude: -75.20266,altitude: 36.200001,course: 332.59,speed: 1.09
entry: 357,latitude: 39.950947,longitude: -75.20266,altitude: 36.200001,course: 332.59,speed: 1.09
entry: 358,latitude: 39.950939,longitude: -75.202599,altitude: 35.5,course: 332.59,speed: 1.09
entry: 359,latitude: 39.950939,longitude: -75.202599,altitude: 35.5,course: 332.59,speed: 1.09
entry: 360,latitude: 39.950947,longitude: -75.202606,altitude: 35.599998,course: 332.59,speed: 1.09
entry: 361,latitude: 39.950954,longitude: -75.202606,altitude: 35.599998,course: 355.99,speed: 0.52
entry: 362,latitude: 39.950954,longitude: -75.202606,altitude: 35.599998,course: 355.99,speed: 0.52
entry: 363,latitude: 39.950954,longitude: -75.202606,altitude: 35.599998,course: 355.99,speed: 0.52
entry: 364,latitude: 39.950958,longitude: -75.202606,altitude: 36.099998,course: 355.99,speed: 0.52
entry: 365,latitude: 39.950954,longitude: -75.202591,altitude: 36.099998,course: 82.09,speed: 0.32
entry: 366,latitude: 39.950954,longitude: -75.202591,altitude: 36.099998,course: 82.09,speed: 0.32
entry: 367,latitude: 39.950958,longitude: -75.202591,altitude: 35.700001,course: 82.09,speed: 0.32
entry: 368,latitude: 39.950962,longitude: -75.202599,altitude: 35.599998,course: 82.09,speed: 0.32
entry: 369,latitude: 39.950962,longitude: -75.202599,altitude: 35.6499995,course: 170.48666666666665,speed: 0.36
entry: 370,latitude: 39.950962,longitude: -75.202599,altitude: 35.700001,course: 258.8833333333333,speed: 0.4
entry: 371,latitude: 39.950962,longitude: -75.202599,altitude: 35.700001,course: 347.28,speed: 0.44
entry: 372,latitude: 39.950962,longitude: -75.202606,altitude: 35.700001,course: 347.28,speed: 0.36
entry: 373,latitude: 39.950962,longitude: -75.202599,altitude: 35.599998,course: 347.28,speed: 0.36
entry: 374,latitude: 39.950962,longitude: -75.202599,altitude: 35.599998,course: 109.46,speed: 0.28
entry: 375,latitude: 39.950958,longitude: -75.202591,altitude: 35.599998,course: 109.46,speed: 0.08
entry: 376,latitude: 39.950966,longitude: -75.202599,altitude: 34.799999,course: 109.46,speed: 0.08
entry: 377,latitude: 39.95097,longitude: -75.202606,altitude: 34.799999,course: 94.49,speed: 0.02
entry: 378,latitude: 39.95097,longitude: -75.202606,altitude: 34.700001,course: 94.49,speed: 0.02
entry: 379,latitude: 39.95097,longitude: -75.202606,altitude: 34.700001,course: 94.49,speed: 0.02
entry: 380,latitude: 39.95097,longitude: -75.202606,altitude: 34.700001,course: 94.49,speed: 0.02
entry: 381,latitude: 39.95097,longitude: -75.202606,altitude: 34.700001,course: 94.49,speed: 0.02
entry: 382,latitude: 39.95097,longitude: -75.202606,altitude: 34.700001,course: 94.49,speed: 0.02
entry: 383,latitude: 39.95097,longitude: -75.202606,altitude: 34.700001,course: 94.49,speed: 0.02
entry: 384,latitude: 39.95097,longitude: -75.202606,altitude: 34.700001,course: 94.49,speed: 0.02
entry: 385,latitude: 39.95097,longitude: -75.202606,altitude: 34.700001,course: 94.49,speed: 0.02
entry: 386,latitude: 39.95097,longitude: -75.202606,altitude: 34.700001,course: 94.49,speed: 0.02
entry: 387,latitude: 39.95097,longitude: -75.202606,altitude: 34.799999,course: 94.49,speed: 0.02
entry: 388,latitude: 39.95097,longitude: -75.202606,altitude: 34.799999,course: 94.49,speed: 0.01
entry: 389,latitude: 39.95097,longitude: -75.202606,altitude: 34.799999,course: 94.49,speed: 0.06
entry: 390,latitude: 39.95097,longitude: -75.202606,altitude: 34.799999,course: 94.49,speed: 0.06
entry: 391,latitude: 39.95097,longitude: -75.202606,altitude: 34.799999,course: 94.49,speed: 0.06
entry: 392,latitude: 39.950966,longitude: -75.202637,altitude: 35.799999,course: 94.49,speed: 0.06
entry: 393,latitude: 39.950966,longitude: -75.202637,altitude: 36.0,course: 94.49,speed: 0.06
entry: 394,latitude: 39.950966,longitude: -75.202637,altitude: 36.0,course: 94.49,speed: 0.06
entry: 395,latitude: 39.950966,longitude: -75.202637,altitude: 36.0,course: 94.49,speed: 0.06
entry: 396,latitude: 39.950966,longitude: -75.202637,altitude: 36.099998,course: 94.49,speed: 0.06
entry: 397,latitude: 39.950966,longitude: -75.202637,altitude: 36.099998,course: 94.49,speed: 0.06
entry: 398,latitude: 39.950966,longitude: -75.202637,altitude: 36.099998,course: 94.49,speed: 0.06
entry: 399,latitude: 39.950966,longitude: -75.202637,altitude: 36.099998,course: 298.2,speed: 0.05
entry: 400,latitude: 39.950966,longitude: -75.202637,altitude: 36.099998,course: 298.2,speed: 0.05
entry: 401,latitude: 39.950932,longitude: -75.202599,altitude: 38.599998,course: 298.2,speed: 0.05
entry: 402,latitude: 39.950932,longitude: -75.202599,altitude: 38.599998,course: 298.2,speed: 0.05
entry: 403,latitude: 39.950932,longitude: -75.202599,altitude: 38.599998,course: 298.2,speed: 0.05
entry: 404,latitude: 39.950958,longitude: -75.202599,altitude: 40.299999,course: 298.2,speed: 0.05
entry: 405,latitude: 39.950947,longitude: -75.202606,altitude: 40.299999,course: 58.98,speed: 0.66
entry: 406,latitude: 39.950947,longitude: -75.202606,altitude: 40.299999,course: 58.98,speed: 0.66
entry: 407,latitude: 39.950909,longitude: -75.202591,altitude: 41.299999,course: 58.98,speed: 0.66
entry: 408,latitude: 39.950893,longitude: -75.202591,altitude: 41.299999,course: 58.98,speed: 0.66
entry: 409,latitude: 39.950893,longitude: -75.202591,altitude: 41.299999,course: 58.98,speed: 0.66
entry: 410,latitude: 39.950893,longitude: -75.202591,altitude: 41.299999,course: 58.98,speed: 0.66
entry: 411,latitude: 39.950832,longitude: -75.202583,altitude: 41.299999,course: 58.98,speed: 0.66
entry: 412,latitude: 39.951008,longitude: -75.202675,altitude: 41.299999,course: 58.98,speed: 0.32
entry: 413,latitude: 39.951054,longitude: -75.202682,altitude: 41.200001,course: 58.98,speed: 0.32
entry: 414,latitude: 39.951,longitude: -75.202644,altitude: 41.200001,course: 58.98,speed: 0.31
entry: 415,latitude: 39.951,longitude: -75.202644,altitude: 41.200001,course: 58.98,speed: 0.31
entry: 416,latitude: 39.950932,longitude: -75.202637,altitude: 41.299999,course: 58.98,speed: 0.31
entry: 417,latitude: 39.950886,longitude: -75.202621,altitude: 41.299999,course: 58.98,speed: 2.0
entry: 418,latitude: 39.950886,longitude: -75.202621,altitude: 41.299999,course: 58.98,speed: 2.0
entry: 419,latitude: 39.950703,longitude: -75.202499,altitude: 41.5,course: 58.98,speed: 2.0
entry: 420,latitude: 39.950703,longitude: -75.202499,altitude: 41.5,course: 58.98,speed: 2.0
entry: 421,latitude: 39.950703,longitude: -75.202499,altitude: 41.5,course: 58.98,speed: 2.0
entry: 422,latitude: 39.950703,longitude: -75.202499,altitude: 41.5,course: 58.98,speed: 2.0
entry: 423,latitude: 39.950645,longitude: -75.202438,altitude: 41.599998,course: 58.98,speed: 2.0
entry: 424,latitude: 39.950645,longitude: -75.202438,altitude: 41.599998,course: 58.98,speed: 2.0
entry: 425,latitude: 39.950695,longitude: -75.202454,altitude: 41.599998,course: 259.25,speed: 0.4
entry: 426,latitude: 39.950741,longitude: -75.202415,altitude: 42.400002,course: 259.25,speed: 0.36
entry: 427,latitude: 39.950745,longitude: -75.202408,altitude: 42.400002,course: 259.25,speed: 0.32
entry: 428,latitude: 39.950745,longitude: -75.202408,altitude: 42.400002,course: 259.25,speed: 0.32
entry: 429,latitude: 39.950745,longitude: -75.202347,altitude: 43.200001,course: 259.25,speed: 0.32
entry: 430,latitude: 39.950781,longitude: -75.20238900000001,altitude: 43.80000025,course: 259.25,speed: 1.125
entry: 431,latitude: 39.950817,longitude: -75.202431,altitude: 44.3999995,course: 259.25,speed: 1.93
entry: 432,latitude: 39.950817,longitude: -75.202431,altitude: 44.99999875,course: 259.25,speed: 1.93
entry: 433,latitude: 39.95084,longitude: -75.202469,altitude: 45.599998,course: 259.25,speed: 1.93
entry: 434,latitude: 39.9509755,longitude: -75.19925125,altitude: 43.8249985,course: 236.583,speed: 1.7389999999999999
entry: 435,latitude: 39.951111,longitude: -75.1960335,altitude: 42.049999,course: 213.916,speed: 1.548
entry: 436,latitude: 39.9512465,longitude: -75.19281575,altitude: 40.2749995,course: 191.249,speed: 1.357
entry: 437,latitude: 39.951382,longitude: -75.189598,altitude: 38.5,course: 168.582,speed: 1.166
entry: 438,latitude: 39.951366,longitude: -75.189598,altitude: 37.0,course: 145.915,speed: 0.9749999999999999
entry: 439,latitude: 39.951366,longitude: -75.189598,altitude: 37.0,course: 123.24799999999999,speed: 0.784
entry: 440,latitude: 39.951366,longitude: -75.189598,altitude: 37.0,course: 100.58099999999999,speed: 0.593
entry: 441,latitude: 39.951366,longitude: -75.189598,altitude: 37.0,course: 77.91399999999999,speed: 0.4019999999999999
entry: 442,latitude: 39.951351,longitude: -75.18959,altitude: 38.099998,course: 55.246999999999986,speed: 0.21099999999999985
entry: 443,latitude: 39.951351,longitude: -75.18959,altitude: 38.099998,course: 32.58,speed: 0.02
entry: 444,latitude: 39.951351,longitude: -75.18959,altitude: 38.099998,course: 32.58,speed: 0.02
entry: 445,latitude: 39.951351,longitude: -75.18959,altitude: 36.700001,course: 32.58,speed: 0.02
entry: 446,latitude: 39.951351,longitude: -75.18959,altitude: 36.700001,course: 32.58,speed: 0.02
entry: 447,latitude: 39.951351,longitude: -75.18959,altitude: 36.700001,course: 32.58,speed: 0.02
entry: 448,latitude: 39.951351,longitude: -75.18959,altitude: 36.599998,course: 32.58,speed: 0.02
entry: 449,latitude: 39.951351,longitude: -75.18959,altitude: 36.599998,course: 32.58,speed: 0.02
entry: 450,latitude: 39.951351,longitude: -75.18959,altitude: 36.599998,course: 32.58,speed: 0.02
entry: 451,latitude: 39.951355,longitude: -75.18959,altitude: 36.599998,course: 32.58,speed: 0.02
entry: 452,latitude: 39.951355,longitude: -75.18959,altitude: 36.599998,course: 32.58,speed: 0.02
entry: 453,latitude: 39.951355,longitude: -75.18959,altitude: 36.599998,course: 32.58,speed: 0.02
entry: 454,latitude: 39.951355,longitude: -75.18959,altitude: 36.599998,course: 32.58,speed: 0.02
entry: 455,latitude: 39.951355,longitude: -75.18959,altitude: 36.599998,course: 32.58,speed: 0.02
entry: 456,latitude: 39.951355,longitude: -75.189583,altitude: 36.599998,course: 32.58,speed: 0.02
entry: 457,latitude: 39.951355,longitude: -75.189583,altitude: 36.599998,course: 32.58,speed: 0.02
entry: 458,latitude: 39.951355,longitude: -75.189583,altitude: 36.599998,course: 32.58,speed: 0.02
entry: 459,latitude: 39.951344,longitude: -75.189598,altitude: 36.299999,course: 32.58,speed: 0.02
entry: 460,latitude: 39.951344,longitude: -75.189598,altitude: 36.299999,course: 32.58,speed: 0.02
entry: 461,latitude: 39.951344,longitude: -75.189598,altitude: 36.299999,course: 32.58,speed: 0.02
entry: 462,latitude: 39.951344,longitude: -75.189598,altitude: 36.299999,course: 32.58,speed: 0.02
entry: 463,latitude: 39.951355,longitude: -75.189598,altitude: 35.5,course: 32.58,speed: 0.02
entry: 464,latitude: 39.951355,longitude: -75.189598,altitude: 35.5,course: 32.58,speed: 0.02
entry: 465,latitude: 39.951351,longitude: -75.189598,altitude: 35.5,course: 18.5,speed: 0.02
entry: 466,latitude: 39.951351,longitude: -75.189598,altitude: 35.5,course: 18.5,speed: 0.02
entry: 467,latitude: 39.951351,longitude: -75.18959,altitude: 35.5,course: 18.5,speed: 0.03
entry: 468,latitude: 39.951351,longitude: -75.18959,altitude: 35.5,course: 18.5,speed: 0.03
entry: 469,latitude: 39.951317,longitude: -75.189629,altitude: 32.599998,course: 18.5,speed: 0.03
entry: 470,latitude: 39.951317,longitude: -75.189629,altitude: 32.599998,course: 21.309285714285714,speed: 0.18
entry: 471,latitude: 39.951317,longitude: -75.189629,altitude: 32.599998,course: 24.11857142857143,speed: 0.18
entry: 472,latitude: 39.951317,longitude: -75.189621,altitude: 32.599998,course: 26.927857142857142,speed: 0.13
entry: 473,latitude: 39.951317,longitude: -75.189621,altitude: 32.599998,course: 29.737142857142857,speed: 0.13
entry: 474,latitude: 39.951309,longitude: -75.189613,altitude: 32.799999,course: 32.54642857142857,speed: 0.13
entry: 475,latitude: 39.951305,longitude: -75.189606,altitude: 33.0,course: 35.355714285714285,speed: 0.13
entry: 476,latitude: 39.951305,longitude: -75.189606,altitude: 33.0,course: 38.165,speed: 0.18
entry: 477,latitude: 39.951305,longitude: -75.189606,altitude: 33.0,course: 40.97428571428571,speed: 0.18
entry: 478,latitude: 39.951305,longitude: -75.189606,altitude: 32.900002,course: 43.78357142857143,speed: 0.18
entry: 479,latitude: 39.951302,longitude: -75.189606,altitude: 32.900002,course: 46.59285714285714,speed: 0.22
entry: 480,latitude: 39.951302,longitude: -75.189606,altitude: 32.599998,course: 49.402142857142856,speed: 0.22
entry: 481,latitude: 39.951302,longitude: -75.189606,altitude: 32.599998,course: 52.21142857142857,speed: 0.22
entry: 482,latitude: 39.951321,longitude: -75.189606,altitude: 32.0,course: 55.020714285714284,speed: 0.22
entry: 483,latitude: 39.951321,longitude: -75.189606,altitude: 32.0,course: 57.83,speed: 0.12
entry: 484,latitude: 39.951321,longitude: -75.189606,altitude: 32.0,course: 57.83,speed: 0.12
entry: 485,latitude: 39.951317,longitude: -75.18959,altitude: 32.299999,course: 57.83,speed: 0.12
entry: 486,latitude: 39.951317,longitude: -75.18959,altitude: 32.299999,course: 57.83,speed: 0.12
entry: 487,latitude: 39.951321,longitude: -75.189583,altitude: 32.299999,course: 96.12,speed: 0.12
entry: 488,latitude: 39.951317,longitude: -75.189568,altitude: 32.299999,course: 58.61,speed: 0.03
entry: 489,latitude: 39.951324,longitude: -75.189575,altitude: 32.299999,course: 320.01,speed: 0.1
entry: 490,latitude: 39.951324,longitude: -75.189575,altitude: 32.299999,course: 320.01,speed: 0.01
entry: 491,latitude: 39.951324,longitude: -75.189575,altitude: 32.299999,course: 320.01,speed: 0.01
entry: 492,latitude: 39.951328,longitude: -75.189575,altitude: 32.299999,course: 320.01,speed: 0.02
entry: 493,latitude: 39.951328,longitude: -75.189575,altitude: 29.9,course: 320.01,speed: 0.02
entry: 494,latitude: 39.951328,longitude: -75.189575,altitude: 29.9,course: 320.01,speed: 0.02
entry: 495,latitude: 39.951328,longitude: -75.189575,altitude: 29.9,course: 320.01,speed: 0.02
entry: 496,latitude: 39.951328,longitude: -75.189575,altitude: 29.700001,course: 320.01,speed: 0.02
entry: 497,latitude: 39.951328,longitude: -75.189575,altitude: 29.700001,course: 320.01,speed: 0.02
entry: 498,latitude: 39.951328,longitude: -75.189575,altitude: 29.6,course: 320.01,speed: 0.02
entry: 499,latitude: 39.951328,longitude: -75.189575,altitude: 29.6,course: 320.01,speed: 0.02
entry: 500,latitude: 39.951328,longitude: -75.189575,altitude: 29.6,course: 320.01,speed: 0.02
entry: 501,latitude: 39.951328,longitude: -75.189575,altitude: 29.6,course: 320.01,speed: 0.02
entry: 502,latitude: 39.951328,longitude: -75.189575,altitude: 29.6,course: 320.01,speed: 0.02
entry: 503,latitude: 39.951328,longitude: -75.189575,altitude: 29.299999,course: 320.01,speed: 0.02
entry: 504,latitude: 39.951283,longitude: -75.189629,altitude: 28.5,course: 320.01,speed: 0.02
entry: 505,latitude: 39.951283,longitude: -75.189629,altitude: 28.5,course: 320.01,speed: 0.02
entry: 506,latitude: 39.951279,longitude: -75.189629,altitude: 28.5,course: 256.3,speed: 0.03
entry: 507,latitude: 39.951279,longitude: -75.189629,altitude: 28.5,course: 256.3,speed: 0.03
entry: 508,latitude: 39.951328,longitude: -75.189598,altitude: 28.5,course: 32.18,speed: 0.05499999999999999
entry: 509,latitude: 39.951328,longitude: -75.189598,altitude: 28.1,course: 32.18,speed: 0.07999999999999999
entry: 510,latitude: 39.951324,longitude: -75.189598,altitude: 28.200001,course: 32.18,speed: 0.105
entry: 511,latitude: 39.951324,longitude: -75.189598,altitude: 28.200001,course: 32.18,speed: 0.13
entry: 512,latitude: 39.951324,longitude: -75.189598,altitude: 28.200001,course: 32.18,speed: 0.15499999999999997
entry: 513,latitude: 39.951324,longitude: -75.18959,altitude: 28.200001,course: 37.33,speed: 0.18
entry: 514,latitude: 39.951324,longitude: -75.18959,altitude: 28.200001,course: 37.33,speed: 0.18
entry: 515,latitude: 39.951309,longitude: -75.189606,altitude: 28.1,course: 37.33,speed: 0.18
entry: 516,latitude: 39.951309,longitude: -75.189606,altitude: 28.1,course: 37.33,speed: 0.18
entry: 517,latitude: 39.95129,longitude: -75.189613,altitude: 29.299999,course: 37.33,speed: 0.18
entry: 518,latitude: 39.95129,longitude: -75.189613,altitude: 29.299999,course: 37.33,speed: 0.18
entry: 519,latitude: 39.951294,longitude: -75.189613,altitude: 29.200001,course: 37.33,speed: 0.18
entry: 520,latitude: 39.95129,longitude: -75.189598,altitude: 28.700001,course: 37.33,speed: 0.18
entry: 521,latitude: 39.95129,longitude: -75.189606,altitude: 29.1,course: 37.33,speed: 0.18
entry: 522,latitude: 39.951286,longitude: -75.189613,altitude: 29.9,course: 37.33,speed: 0.18
entry: 523,latitude: 39.95129,longitude: -75.189606,altitude: 30.0,course: 37.33,speed: 0.18
entry: 524,latitude: 39.95129,longitude: -75.189606,altitude: 29.9,course: 37.33,speed: 0.18
entry: 525,latitude: 39.95129,longitude: -75.189606,altitude: 29.9,course: 37.33,speed: 0.18
entry: 526,latitude: 39.951291999999995,longitude: -75.1896175,altitude: 30.2,course: 65.54666666666667,speed: 0.20833333333333331
entry: 527,latitude: 39.951294,longitude: -75.189629,altitude: 30.5,course: 93.76333333333334,speed: 0.23666666666666666
entry: 528,latitude: 39.951294,longitude: -75.189629,altitude: 30.5,course: 121.98,speed: 0.265
entry: 529,latitude: 39.951294,longitude: -75.189629,altitude: 30.5,course: 150.19666666666666,speed: 0.29333333333333333
entry: 530,latitude: 39.95129,longitude: -75.189606,altitude: 30.299999,course: 178.41333333333336,speed: 0.32166666666666666
entry: 531,latitude: 39.951283,longitude: -75.189613,altitude: 30.299999,course: 206.63,speed: 0.35
entry: 532,latitude: 39.951279,longitude: -75.18959,altitude: 30.200001,course: 206.63,speed: 0.35
entry: 533,latitude: 39.951279,longitude: -75.18959,altitude: 30.200001,course: 206.63,speed: 0.35
entry: 534,latitude: 39.951275,longitude: -75.189583,altitude: 30.200001,course: 204.29,speed: 0.32
entry: 535,latitude: 39.951275,longitude: -75.189583,altitude: 30.0,course: 204.29,speed: 0.29
entry: 536,latitude: 39.951281571428574,longitude: -75.18959171428571,altitude: 29.333333333333332,course: 205.715,speed: 0.26
entry: 537,latitude: 39.951288142857145,longitude: -75.18960042857142,altitude: 28.666666666666668,course: 207.14,speed: 0.22999999999999998
entry: 538,latitude: 39.951294714285716,longitude: -75.18960914285714,altitude: 28.0,course: 208.565,speed: 0.2
entry: 539,latitude: 39.95130128571429,longitude: -75.18961785714286,altitude: 27.333333333333332,course: 209.98999999999998,speed: 0.17
entry: 540,latitude: 39.95130785714286,longitude: -75.18962657142858,altitude: 26.666666666666668,course: 211.415,speed: 0.14
entry: 541,latitude: 39.95131442857143,longitude: -75.18963528571429,altitude: 26.0,course: 212.84,speed: 0.11000000000000001
entry: 542,latitude: 39.951321,longitude: -75.189644,altitude: 25.333333333333336,course: 214.265,speed: 0.08
entry: 543,latitude: 39.951321,longitude: -75.189644,altitude: 24.666666666666668,course: 215.69,speed: 0.08
entry: 544,latitude: 39.951321,longitude: -75.189644,altitude: 24.0,course: 217.115,speed: 0.08
entry: 545,latitude: 39.951321,longitude: -75.189644,altitude: 24.0,course: 218.54,speed: 0.1
entry: 546,latitude: 39.951321,longitude: -75.189644,altitude: 24.0,course: 219.965,speed: 0.1
entry: 547,latitude: 39.951321,longitude: -75.189644,altitude: 24.0,course: 221.39,speed: 0.1
entry: 548,latitude: 39.951321,longitude: -75.189644,altitude: 23.9,course: 222.815,speed: 0.1
entry: 549,latitude: 39.951321,longitude: -75.189644,altitude: 23.9,course: 224.24,speed: 0.1
entry: 550,latitude: 39.95133525,longitude: -75.18963625,altitude: 25.111110999999998,course: 225.665,speed: 0.0775
entry: 551,latitude: 39.9513495,longitude: -75.1896285,altitude: 26.322222,course: 227.09,speed: 0.055
entry: 552,latitude: 39.95136375,longitude: -75.18962074999999,altitude: 27.533333,course: 228.515,speed: 0.0325
entry: 553,latitude: 39.951378,longitude: -75.189613,altitude: 28.744443999999998,course: 229.94,speed: 0.01
entry: 554,latitude: 39.951366,longitude: -75.189629,altitude: 29.955554999999997,course: 229.94,speed: 0.13
entry: 555,latitude: 39.9513415,longitude: -75.18964,altitude: 31.166666,course: 139.665,speed: 0.195
entry: 556,latitude: 39.951317,longitude: -75.189651,altitude: 32.377776999999995,course: 49.39,speed: 0.26
entry: 557,latitude: 39.951317,longitude: -75.189651,altitude: 33.588888,course: 49.39,speed: 0.26
entry: 558,latitude: 39.951317,longitude: -75.189644,altitude: 34.799999,course: 49.39,speed: 0.26
entry: 559,latitude: 39.9513225,longitude: -75.1896365,altitude: 34.1499995,course: 65.83142857142857,speed: 0.2242857142857143
entry: 560,latitude: 39.951328,longitude: -75.189629,altitude: 33.5,course: 82.27285714285713,speed: 0.18857142857142858
entry: 561,latitude: 39.951328,longitude: -75.189621,altitude: 33.0,course: 98.71428571428571,speed: 0.15285714285714286
entry: 562,latitude: 39.9513185,longitude: -75.18960200000001,altitude: 32.8999995,course: 115.15571428571428,speed: 0.11714285714285716
entry: 563,latitude: 39.951309,longitude: -75.189583,altitude: 32.799999,course: 131.59714285714284,speed: 0.08142857142857146
entry: 564,latitude: 39.951321,longitude: -75.189598,altitude: 32.700001,course: 148.0385714285714,speed: 0.045714285714285735
entry: 565,latitude: 39.951324,longitude: -75.18959,altitude: 32.700001,course: 164.48,speed: 0.01
entry: 566,latitude: 39.951328,longitude: -75.189598,altitude: 32.700001,course: 164.48,speed: 0.05333333333333334
entry: 567,latitude: 39.951328,longitude: -75.189598,altitude: 32.700001,course: 164.48,speed: 0.09666666666666666
entry: 568,latitude: 39.951328,longitude: -75.189613,altitude: 32.700001,course: 262.32,speed: 0.14
entry: 569,latitude: 39.951328,longitude: -75.189613,altitude: 32.700001,course: 262.32,speed: 0.14
entry: 570,latitude: 39.951328,longitude: -75.189613,altitude: 32.700001,course: 262.32,speed: 0.14
entry: 571,latitude: 39.951328,longitude: -75.189613,altitude: 32.700001,course: 262.32,speed: 0.14
entry: 572,latitude: 39.951324,longitude: -75.189651,altitude: 31.299999,course: 262.32,speed: 0.14
entry: 573,latitude: 39.951324,longitude: -75.189651,altitude: 31.299999,course: 262.32,speed: 0.14
entry: 574,latitude: 39.951324,longitude: -75.189651,altitude: 31.299999,course: 262.32,speed: 0.14
entry: 575,latitude: 39.9982545,longitude: -75.7562865,altitude: 87.9500045,course: 262.408,speed: 0.14200000000000002
entry: 576,latitude: 40.045185,longitude: -76.322922,altitude: 144.60001,course: 262.496,speed: 0.14400000000000002
entry: 577,latitude: 40.045181,longitude: -76.322899,altitude: 144.8,course: 262.584,speed: 0.146
entry: 578,latitude: 40.045177,longitude: -76.322914,altitude: 145.0,course: 262.67199999999997,speed: 0.148
entry: 579,latitude: 40.045174,longitude: -76.322922,altitude: 145.0,course: 262.76,speed: 0.15
entry: 580,latitude: 40.045174,longitude: -76.322922,altitude: 145.0,course: 262.76,speed: 0.03
entry: 581,latitude: 40.045174,longitude: -76.322922,altitude: 145.0,course: 262.76,speed: 0.03
entry: 582,latitude: 40.045174,longitude: -76.322922,altitude: 145.0,course: 262.76,speed: 0.03
entry: 583,latitude: 40.04516425,longitude: -76.3229125,altitude: 144.5999975,course: 268.9557142857143,speed: 0.07999999999999999
entry: 584,latitude: 40.0451545,longitude: -76.322903,altitude: 144.199995,course: 275.15142857142854,speed: 0.13
entry: 585,latitude: 40.045144750000006,longitude: -76.3228935,altitude: 143.7999925,course: 281.34714285714284,speed: 0.18
entry: 586,latitude: 40.045135,longitude: -76.322884,altitude: 143.39999,course: 287.54285714285714,speed: 0.22999999999999998
entry: 587,latitude: 40.045135,longitude: -76.322884,altitude: 143.39999,course: 293.73857142857145,speed: 0.27999999999999997
entry: 588,latitude: 40.045212,longitude: -76.322861,altitude: 142.2,course: 299.9342857142857,speed: 0.32999999999999996
entry: 589,latitude: 40.045212,longitude: -76.322861,altitude: 142.2,course: 306.13,speed: 0.38
entry: 590,latitude: 40.045212,longitude: -76.322861,altitude: 142.2,course: 306.13,speed: 0.38
entry: 591,latitude: 40.045204,longitude: -76.322853,altitude: 143.0,course: 306.13,speed: 0.38
entry: 592,latitude: 40.045204,longitude: -76.322853,altitude: 143.0,course: 306.13,speed: 0.38
entry: 593,latitude: 40.045204,longitude: -76.322853,altitude: 143.0,course: 306.13,speed: 0.38
entry: 594,latitude: 40.045204,longitude: -76.322853,altitude: 143.0,course: 306.13,speed: 0.38
entry: 595,latitude: 40.0452,longitude: -76.322853,altitude: 142.8,course: 306.13,speed: 0.38
entry: 596,latitude: 40.045204,longitude: -76.322868,altitude: 142.8,course: 143.23,speed: 0.24
entry: 597,latitude: 40.045204,longitude: -76.322868,altitude: 142.8,course: 143.23,speed: 0.24
entry: 598,latitude: 40.045204,longitude: -76.322868,altitude: 142.8,course: 143.23,speed: 0.24
entry: 599,latitude: 40.045208,longitude: -76.322876,altitude: 142.5,course: 143.23,speed: 0.24
entry: 600,latitude: 40.045185,longitude: -76.322868,altitude: 149.8,course: 81.725,speed: 0.19
entry: 601,latitude: 40.045177,longitude: -76.322891,altitude: 149.8,course: 20.22,speed: 0.14
entry: 602,latitude: 40.045177,longitude: -76.322891,altitude: 149.8,course: 20.22,speed: 0.14
entry: 603,latitude: 40.045177,longitude: -76.322891,altitude: 149.8,course: 20.22,speed: 0.14
entry: 604,latitude: 40.045177,longitude: -76.322891,altitude: 149.8,course: 20.22,speed: 0.14
entry: 605,latitude: 40.045177,longitude: -76.322891,altitude: 149.8,course: 20.22,speed: 0.14
entry: 606,latitude: 40.04520475,longitude: -76.3228795,altitude: 139.07500000000002,course: 39.26571428571428,speed: 0.18857142857142858
entry: 607,latitude: 40.0452325,longitude: -76.322868,altitude: 128.35000000000002,course: 58.31142857142857,speed: 0.23714285714285716
entry: 608,latitude: 40.04526025,longitude: -76.3228565,altitude: 117.625,course: 77.35714285714286,speed: 0.2857142857142857
entry: 609,latitude: 40.045288,longitude: -76.322845,altitude: 106.9,course: 96.40285714285714,speed: 0.3342857142857143
entry: 610,latitude: 40.045288,longitude: -76.322845,altitude: 106.9,course: 115.44857142857143,speed: 0.38285714285714284
entry: 611,latitude: 40.045276125,longitude: -76.322843125,altitude: 108.67500000000001,course: 134.49428571428572,speed: 0.4314285714285714
entry: 612,latitude: 40.04526425,longitude: -76.32284125,altitude: 110.45,course: 153.54,speed: 0.48
entry: 613,latitude: 40.045252375,longitude: -76.322839375,altitude: 112.225,course: 172.5857142857143,speed: 0.5285714285714285
entry: 614,latitude: 40.0452405,longitude: -76.32283749999999,altitude: 114.0,course: 191.6314285714286,speed: 0.5771428571428571
entry: 615,latitude: 40.045228625,longitude: -76.322835625,altitude: 115.775,course: 210.67714285714285,speed: 0.6257142857142857
entry: 616,latitude: 40.045216749999994,longitude: -76.32283375,altitude: 117.55,course: 229.72285714285715,speed: 0.6742857142857143
entry: 617,latitude: 40.045204874999996,longitude: -76.32283187499999,altitude: 119.32499999999999,course: 248.76857142857145,speed: 0.7228571428571428
entry: 618,latitude: 40.045193,longitude: -76.32283,altitude: 121.1,course: 267.8142857142857,speed: 0.7714285714285714
entry: 619,latitude: 40.045193,longitude: -76.322853,altitude: 121.1,course: 286.86,speed: 0.82
entry: 620,latitude: 40.045193,longitude: -76.322853,altitude: 121.1,course: 286.86,speed: 0.82
entry: 621,latitude: 40.045193,longitude: -76.322853,altitude: 121.1,course: 286.86,speed: 0.82
entry: 622,latitude: 40.045227,longitude: -76.322868,altitude: 126.6,course: 286.86,speed: 0.82
entry: 623,latitude: 40.045242,longitude: -76.322884,altitude: 126.6,course: 309.04,speed: 0.13
entry: 624,latitude: 40.045235,longitude: -76.322884,altitude: 126.8,course: 309.04,speed: 0.13
entry: 625,latitude: 40.0452,longitude: -76.322868,altitude: 126.8,course: 359.54,speed: 1.5
entry: 626,latitude: 40.045204,longitude: -76.322876,altitude: 127.4,course: 359.54,speed: 1.5
entry: 627,latitude: 40.045197,longitude: -76.322868,altitude: 127.4,course: 226.01,speed: 0.86
entry: 628,latitude: 40.0452,longitude: -76.322899,altitude: 127.4,course: 171.0,speed: 0.32
entry: 629,latitude: 40.0452,longitude: -76.322899,altitude: 127.4,course: 171.0,speed: 0.32
entry: 630,latitude: 40.045189,longitude: -76.322868,altitude: 128.39999,course: 171.0,speed: 0.32
entry: 631,latitude: 40.045189,longitude: -76.322868,altitude: 128.39999,course: 171.0,speed: 0.32
entry: 632,latitude: 40.045189,longitude: -76.322868,altitude: 128.39999,course: 171.0,speed: 0.32
entry: 633,latitude: 40.045189,longitude: -76.322868,altitude: 128.39999,course: 171.0,speed: 0.32
entry: 634,latitude: 40.045166,longitude: -76.322914,altitude: 128.39999,course: 105.75,speed: 0.29
entry: 635,latitude: 40.045166,longitude: -76.322914,altitude: 128.39999,course: 105.75,speed: 0.29
entry: 636,latitude: 40.045174,longitude: -76.322868,altitude: 129.89999,course: 105.75,speed: 0.29
entry: 637,latitude: 40.045181,longitude: -76.32283,altitude: 129.89999,course: 105.69,speed: 0.78
entry: 638,latitude: 40.045158,longitude: -76.322891,altitude: 129.89999,course: 264.9,speed: 0.16
entry: 639,latitude: 40.045158,longitude: -76.322891,altitude: 129.89999,course: 264.9,speed: 0.16
entry: 640,latitude: 40.045158,longitude: -76.322891,altitude: 129.89999,course: 264.9,speed: 0.16
entry: 641,latitude: 40.045181,longitude: -76.322906,altitude: 131.8,course: 264.9,speed: 0.16
entry: 642,latitude: 40.045181,longitude: -76.322906,altitude: 131.8,course: 264.9,speed: 0.16
entry: 643,latitude: 40.045181,longitude: -76.322906,altitude: 131.8,course: 264.9,speed: 0.16
entry: 644,latitude: 40.045181,longitude: -76.322906,altitude: 131.8,course: 264.9,speed: 0.16
entry: 645,latitude: 40.045197,longitude: -76.322868,altitude: 133.0,course: 264.9,speed: 0.16
entry: 646,latitude: 40.045204,longitude: -76.322853,altitude: 133.0,course: 353.43,speed: 0.1
entry: 647,latitude: 40.045204,longitude: -76.322853,altitude: 133.0,course: 353.43,speed: 0.1
entry: 648,latitude: 40.045204,longitude: -76.322861,altitude: 133.0,course: 23.18,speed: 0.6
entry: 649,latitude: 40.045204,longitude: -76.322861,altitude: 133.0,course: 23.18,speed: 0.6
entry: 650,latitude: 40.045181,longitude: -76.322906,altitude: 133.0,course: 206.33,speed: 0.54
entry: 651,latitude: 40.045185,longitude: -76.322914,altitude: 134.39999,course: 206.33,speed: 0.54
entry: 652,latitude: 40.045185,longitude: -76.322914,altitude: 134.39999,course: 206.33,speed: 0.54
entry: 653,latitude: 40.045185,longitude: -76.322914,altitude: 134.39999,course: 206.33,speed: 0.54
entry: 654,latitude: 40.045177,longitude: -76.322952,altitude: 133.2,course: 206.33,speed: 0.54
entry: 655,latitude: 40.045197,longitude: -76.322945,altitude: 133.2,course: 174.44,speed: 0.75
entry: 656,latitude: 40.045155,longitude: -76.322906,altitude: 133.2,course: 77.7,speed: 0.71
entry: 657,latitude: 40.045212,longitude: -76.322891,altitude: 133.2,course: 297.65,speed: 0.45
entry: 658,latitude: 40.045181,longitude: -76.322845,altitude: 131.2,course: 297.65,speed: 0.45
entry: 659,latitude: 40.045185,longitude: -76.322853,altitude: 131.0,course: 297.65,speed: 0.45
entry: 660,latitude: 40.045185,longitude: -76.322853,altitude: 131.0,course: 297.65,speed: 0.45
entry: 661,latitude: 40.045193,longitude: -76.322861,altitude: 131.0,course: 297.65,speed: 0.45
entry: 662,latitude: 40.045193,longitude: -76.322861,altitude: 131.0,course: 123.37,speed: 0.12
entry: 663,latitude: 40.045185,longitude: -76.322861,altitude: 130.8,course: 123.37,speed: 0.12
entry: 664,latitude: 40.045185,longitude: -76.322853,altitude: 130.8,course: 272.92,speed: 0.37
entry: 665,latitude: 40.045185,longitude: -76.322853,altitude: 130.8,course: 272.92,speed: 0.37
entry: 666,latitude: 40.045174,longitude: -76.32283,altitude: 130.8,course: 87.04,speed: 0.43
entry: 667,latitude: 40.045177,longitude: -76.32283,altitude: 130.8,course: 87.04,speed: 0.43
entry: 668,latitude: 40.045177,longitude: -76.32283,altitude: 130.8,course: 87.04,speed: 0.43
entry: 669,latitude: 40.045189,longitude: -76.322777,altitude: 131.2,course: 87.04,speed: 0.43
entry: 670,latitude: 40.045189,longitude: -76.322777,altitude: 131.2,course: 87.04,speed: 0.43
entry: 671,latitude: 40.045197,longitude: -76.322792,altitude: 130.89999,course: 87.04,speed: 0.43
entry: 672,latitude: 40.045158,longitude: -76.322868,altitude: 130.89999,course: 87.04,speed: 0.43
entry: 673,latitude: 40.04269,longitude: -76.321136,altitude: 130.89999,course: 154.1,speed: 16.95
entry: 674,latitude: 40.039299,longitude: -76.318489,altitude: 278.39999,course: 154.1,speed: 16.95
entry: 675,latitude: 40.03429,longitude: -76.313553,altitude: 515.40002,course: 154.1,speed: 16.95
entry: 676,latitude: 40.03429,longitude: -76.313553,altitude: 515.40002,course: 154.1,speed: 16.95
entry: 677,latitude: 40.022827,longitude: -76.302742,altitude: 995.79999,course: 154.1,speed: 16.95
entry: 678,latitude: 40.022827,longitude: -76.302742,altitude: 995.79999,course: 154.1,speed: 16.95
entry: 679,latitude: 40.022827,longitude: -76.302742,altitude: 995.79999,course: 154.1,speed: 16.95
entry: 680,latitude: 40.022827,longitude: -76.302742,altitude: 995.79999,course: 154.1,speed: 16.95
entry: 681,latitude: 40.022827,longitude: -76.302742,altitude: 995.79999,course: 154.1,speed: 16.95
entry: 682,latitude: 40.022827,longitude: -76.302742,altitude: 995.79999,course: 154.1,speed: 16.95
entry: 683,latitude: 40.022827,longitude: -76.302742,altitude: 995.79999,course: 154.1,speed: 16.95
entry: 684,latitude: 40.022827,longitude: -76.302742,altitude: 995.79999,course: 154.1,speed: 16.95
entry: 685,latitude: 40.022827,longitude: -76.302742,altitude: 995.79999,course: 154.1,speed: 16.95
entry: 686,latitude: 39.974869,longitude: -76.280334,altitude: 1902.3,course: 154.1,speed: 16.95
entry: 687,latitude: 39.974869,longitude: -76.280334,altitude: 1902.3,course: 154.1,speed: 16.95
entry: 688,latitude: 39.974869,longitude: -76.280334,altitude: 1902.3,course: 154.1,speed: 16.95
entry: 689,latitude: 39.948299,longitude: -76.260834,altitude: 2271.3999,course: 154.1,speed: 16.95
entry: 690,latitude: 39.948299,longitude: -76.260834,altitude: 2271.3999,course: 154.1,speed: 16.95
entry: 691,latitude: 39.948299,longitude: -76.260834,altitude: 2271.3999,course: 154.1,speed: 16.95
entry: 692,latitude: 39.938389,longitude: -76.250847,altitude: 2485.8,course: 154.1,speed: 16.95
entry: 693,latitude: 39.93367,longitude: -76.245819,altitude: 2485.8,course: 141.24,speed: 35.69
entry: 694,latitude: 39.922543,longitude: -76.234344,altitude: 2485.8,course: 143.12,speed: 42.96
entry: 695,latitude: 39.922543,longitude: -76.234344,altitude: 2485.8,course: 143.12,speed: 42.96
entry: 696,latitude: 39.920761,longitude: -76.232437,altitude: 2766.0,course: 143.12,speed: 42.96
entry: 697,latitude: 39.920761,longitude: -76.232437,altitude: 2766.0,course: 143.12,speed: 42.96
entry: 698,latitude: 39.920761,longitude: -76.232437,altitude: 2766.0,course: 143.12,speed: 42.96
entry: 699,latitude: 39.888798,longitude: -76.185036,altitude: 3453.3,course: 143.12,speed: 42.96
entry: 700,latitude: 39.885052,longitude: -76.177994,altitude: 3453.3,course: 125.03,speed: 35.01
entry: 701,latitude: 39.880428,longitude: -76.170303,altitude: 3672.8,course: 125.03,speed: 35.01
entry: 702,latitude: 39.874245,longitude: -76.160019,altitude: 3672.8,course: 128.81,speed: 38.17
entry: 703,latitude: 39.867062,longitude: -76.148651,altitude: 3955.1001,course: 128.81,speed: 38.17
entry: 704,latitude: 39.857075,longitude: -76.13282,altitude: 4151.2998,course: 128.81,speed: 38.17
entry: 705,latitude: 39.84935,longitude: -76.121445,altitude: 4151.2998,course: 132.0,speed: 38.83
entry: 706,latitude: 39.84935,longitude: -76.121445,altitude: 4151.2998,course: 132.0,speed: 38.83
entry: 707,latitude: 39.840683,longitude: -76.109802,altitude: 4151.2998,course: 136.28,speed: 42.73
entry: 708,latitude: 39.830318,longitude: -76.097313,altitude: 4151.2998,course: 137.58,speed: 49.24
entry: 709,latitude: 39.830318,longitude: -76.097313,altitude: 4151.2998,course: 137.58,speed: 49.24
entry: 710,latitude: 39.830318,longitude: -76.097313,altitude: 4151.2998,course: 137.58,speed: 49.24
entry: 711,latitude: 39.811172,longitude: -76.073334,altitude: 4967.6001,course: 137.58,speed: 49.24
entry: 712,latitude: 39.800213,longitude: -76.058861,altitude: 4967.6001,course: 133.96,speed: 56.84
entry: 713,latitude: 39.790569,longitude: -76.045708,altitude: 4967.6001,course: 130.97,speed: 57.65
entry: 714,latitude: 39.780365,longitude: -76.031517,altitude: 5294.5,course: 130.97,speed: 57.65
entry: 715,latitude: 39.7743,longitude: -76.022453,altitude: 5396.7002,course: 130.97,speed: 57.65
entry: 716,latitude: 39.769295,longitude: -76.014412,altitude: 5396.7002,course: 128.57,speed: 56.7
entry: 717,latitude: 39.76123,longitude: -75.999527,altitude: 5694.2998,course: 128.57,speed: 56.7
entry: 718,latitude: 39.76123,longitude: -75.999527,altitude: 5694.2998,course: 128.57,speed: 56.7
entry: 719,latitude: 39.76123,longitude: -75.999527,altitude: 5694.2998,course: 128.57,speed: 56.7
entry: 720,latitude: 39.76123,longitude: -75.999527,altitude: 5694.2998,course: 128.57,speed: 56.7
